name,phone,email,address,region,country,started_using,subscribed,age
Emma Simpson,1-820-218-2223,sed@protonmail.net,589-9568 Lectus Av.,Xīběi,Spain,"Dec 17, 2021",No,11
Travis Johnson,(367) 911-3223,dolor.dapibus@yahoo.edu,295-5948 Quisque St.,Donetsk oblast,New Zealand,"Oct 23, 2021",Yes,17
Bertha Romero,(726) 558-5527,nascetur.ridiculus.mus@aol.org,Ap #933-448 At St.,Hidalgo,Costa Rica,"Mar 27, 2016",Yes,53
Salvador Goodman,1-607-730-4889,vel@hotmail.org,6815 Tellus Ave,Tamaulipas,Peru,"Jul 28, 2018",Yes,53
Nolan Ball,(846) 751-1547,mauris.a@icloud.org,3350 Tellus St.,Tarapacá,China,"Nov 18, 2022",Yes,24
Zachery Thompson,(438) 259-3282,fermentum.vel@google.net,7048 Iaculis Rd.,Gävleborgs län,China,"Sep 10, 2022",Yes,17
Cameron Strong,(687) 225-2881,amet.nulla.donec@hotmail.org,698-8786 Augue St.,Guainía,Sweden,"Dec 29, 2018",Yes,45
Isaac Conway,(853) 567-3463,quam.a.felis@protonmail.net,"P.O. Box 521, 7395 Adipiscing, St.",Basilicata,Chile,"Sep 16, 2022",Yes,56
Damian Mcintyre,1-573-250-6533,nulla.tincidunt@outlook.ca,Ap #216-3483 Metus Street,Loreto,Norway,"Mar 17, 2022",Yes,54
Margaret Valencia,1-862-903-9376,lorem@protonmail.com,3293 Magna Ave,Mpumalanga,Colombia,"Apr 1, 2017",Yes,13
Silas Henderson,1-686-623-6318,faucibus.ut@google.org,"P.O. Box 857, 7269 Cursus Rd.",Jammu and Kashmir,United Kingdom,"Feb 3, 2020",No,17
Brock Ratliff,(583) 320-3348,fringilla.donec.feugiat@yahoo.couk,Ap #381-2933 Sem Avenue,Punjab,Austria,"Apr 16, 2017",Yes,50
Mariko Hansen,(536) 899-1023,integer.aliquam@protonmail.edu,Ap #412-8632 Velit Av.,Odessa oblast,Turkey,"Sep 3, 2021",No,16
Miranda Shepherd,(974) 509-7064,orci.ut.semper@yahoo.com,"9986 Pharetra, St.",Paraíba,Italy,"Jul 29, 2021",Yes,44
Samuel Greene,1-884-842-6668,imperdiet.non@outlook.org,"P.O. Box 303, 7345 Bibendum. Av.",Lanarkshire,New Zealand,"Feb 5, 2022",No,40
Dante Black,1-341-428-8448,velit@google.couk,551-9666 Ipsum. St.,South Gyeongsang,Philippines,"Sep 28, 2016",Yes,12
Brenden Nelson,(518) 474-4585,amet.ornare@hotmail.edu,322-6965 Magna Road,Piura,United Kingdom,"Oct 13, 2017",Yes,37
Matthew Mack,1-315-824-7871,eget.venenatis@yahoo.net,578-8052 Tempus Rd.,Leinster,Philippines,"Jun 5, 2021",Yes,41
Cadman Wynn,1-267-636-0560,eget.ipsum.donec@outlook.couk,938-5202 Ut Avenue,Odessa oblast,Philippines,"Aug 13, 2021",No,46
Jescie Chang,1-886-337-5531,magna.tellus@yahoo.ca,Ap #306-7804 Quam. Av.,Veracruz,Nigeria,"Jul 25, 2020",Yes,52
Armand Hampton,1-551-985-8628,lorem.vehicula@outlook.org,"Ap #292-4183 Vestibulum, Road",North Sulawesi,India,"Aug 31, 2019",No,58
Allegra Cook,1-541-471-4022,ipsum.leo@icloud.couk,"Ap #857-1822 Eu, Rd.",Dōngběi,Vietnam,"Oct 10, 2017",No,51
Fuller Conner,(742) 755-7297,accumsan.interdum@protonmail.com,226-8681 Hendrerit Rd.,Saskatchewan,India,"Sep 23, 2020",No,39
Kirby Clayton,(684) 867-8486,ac.risus@hotmail.com,Ap #638-5179 Ante. Ave,Cagayan Valley,Pakistan,"Sep 30, 2022",No,11
Shaeleigh Kerr,(313) 188-5838,morbi.accumsan.laoreet@protonmail.ca,191-656 Nec Av.,Dadra and Nagar Haveli,India,"Nov 26, 2022",No,13
Reese Nelson,(567) 767-8379,eu@google.couk,"P.O. Box 513, 5812 Ipsum Ave",Arizona,Ukraine,"Sep 12, 2018",No,26
Jade Allison,1-168-574-6162,nec.quam@hotmail.com,295-7180 Iaculis St.,Central Region,Vietnam,"Sep 11, 2020",No,37
Sonya Klein,(776) 683-2768,augue@icloud.edu,"P.O. Box 244, 2953 Egestas Rd.",Odessa oblast,Colombia,"Apr 21, 2016",Yes,21
Raya Moore,(746) 977-6582,sem@yahoo.com,"Ap #603-9102 Non, Avenue",Bretagne,Mexico,"Aug 23, 2021",Yes,31
Rudyard Poole,(389) 403-6756,eget@google.com,"P.O. Box 434, 9789 Sagittis. Avenue",Norte de Santander,India,"Feb 26, 2016",Yes,43
Lucas Fitzpatrick,1-985-714-2411,vivamus@hotmail.com,Ap #153-2054 Auctor St.,Noord Brabant,South Africa,"Oct 14, 2017",No,37
Marny Pierce,1-483-973-6224,in.faucibus@hotmail.net,Ap #985-4566 Lacinia Street,Ivano-Frankivsk oblast,Nigeria,"Sep 11, 2017",No,31
Cullen Maxwell,1-623-565-7633,non.justo.proin@outlook.ca,744-205 Eget Rd.,Stockholms län,Vietnam,"Apr 17, 2017",Yes,12
Nehru Vazquez,1-842-886-3760,rhoncus@yahoo.com,120-8409 Sed Road,North Island,South Africa,"Feb 2, 2018",Yes,58
Iris Alvarez,(357) 310-6784,tincidunt.neque.vitae@yahoo.net,Ap #624-6588 Ut Av.,Vlaams-Brabant,Peru,"Jan 2, 2018",Yes,14
Hyacinth Goff,1-504-534-8531,sed.nunc.est@aol.couk,2265 Mollis. St.,Dolnośląskie,Ireland,"Jan 9, 2016",Yes,33
Kennedy Waters,(584) 813-5026,arcu.imperdiet.ullamcorper@hotmail.edu,208 Porttitor Road,Bretagne,Poland,"Oct 11, 2018",No,26
Tyler Baker,1-767-246-7709,id.blandit.at@aol.couk,569-8177 Odio. Rd.,Jeju,Nigeria,"Jan 25, 2020",No,21
Leslie Bruce,1-893-319-1346,augue.scelerisque.mollis@google.couk,131-1013 Proin Avenue,Agder,Chile,"May 14, 2018",Yes,16
Jonas Johnson,1-881-766-9834,sit.amet@aol.couk,2700 Justo Road,Western Visayas,Ireland,"Apr 12, 2016",No,24
Edan Livingston,1-894-892-3946,odio.vel@aol.com,839-3271 Dui Road,Quảng Bình,France,"Jun 26, 2020",No,12
Shay Orr,(445) 587-8746,arcu.vivamus.sit@protonmail.ca,Ap #759-4039 Nibh. Road,Gelderland,India,"Feb 18, 2020",Yes,59
Kirk Rutledge,(336) 276-6557,sed.hendrerit.a@yahoo.edu,"Ap #104-8396 Pellentesque, St.",Cartago,Ireland,"Sep 13, 2018",No,29
Carter Glass,(822) 513-3945,et.ultrices.posuere@google.com,4987 Convallis Street,Balıkesir,South Africa,"Jun 27, 2018",Yes,46
Gillian Castro,(507) 417-2127,nulla.semper@google.couk,435-2868 Velit. St.,Gävleborgs län,Spain,"Feb 28, 2020",No,29
Chandler Wallace,1-343-711-1712,fusce.aliquam.enim@icloud.edu,8223 Ipsum Rd.,Sokoto,Ukraine,"Jul 25, 2019",No,47
Dawn Cox,1-566-401-8653,semper.rutrum@aol.edu,555-7004 Purus. Rd.,Manitoba,Norway,"Aug 24, 2021",No,41
Sasha Hendrix,(756) 828-7318,lectus@protonmail.edu,"Ap #230-5029 Lectus, Road",Punjab,Colombia,"May 5, 2021",No,22
Sydney Espinoza,(189) 674-4545,eu.euismod@aol.couk,797-3560 Quis Rd.,Ulster,Ireland,"Nov 22, 2018",Yes,51
Latifah Hanson,(310) 345-3513,lobortis.ultrices@aol.couk,"137-2443 Tempor, St.",Andalucía,China,"Mar 23, 2019",No,19
Colby Park,(728) 557-4011,donec@icloud.net,Ap #820-8026 Leo Avenue,Saskatchewan,Chile,"Feb 4, 2022",Yes,32
Avram Sargent,1-517-537-2863,in.consequat.enim@hotmail.com,982-5239 Maecenas Ave,Bình Dương,Norway,"Jan 19, 2022",No,52
Wade Stark,1-190-178-7427,nunc@hotmail.org,245-7809 Nec Road,Gävleborgs län,United Kingdom,"Nov 22, 2018",Yes,23
Calista Mueller,1-462-736-0721,natoque.penatibus@aol.com,362-9058 Ligula St.,Connacht,Poland,"Oct 25, 2021",No,37
Amethyst May,1-685-403-6622,massa.integer@protonmail.net,Ap #399-9169 Euismod St.,Hatay,Netherlands,"Feb 13, 2017",Yes,27
George Mcfadden,(600) 657-1113,mollis@outlook.couk,"P.O. Box 104, 116 Dolor St.",Gauteng,Philippines,"Nov 20, 2021",Yes,16
Shelly Delacruz,1-869-877-0368,ullamcorper.viverra.maecenas@yahoo.net,Ap #497-3067 Nam Rd.,Podlaskie,India,"Jun 8, 2016",No,17
Reese Franklin,1-616-677-3475,in.mi@hotmail.net,2157 Pellentesque Av.,Ulster,Vietnam,"Aug 18, 2022",Yes,28
Georgia Deleon,1-486-436-4326,tincidunt.nunc.ac@yahoo.couk,"P.O. Box 456, 2211 Pellentesque Avenue",Lima,Netherlands,"May 29, 2016",No,59
Mari Hood,1-849-622-4031,nascetur.ridiculus.mus@protonmail.ca,Ap #536-8232 Accumsan St.,Eastern Cape,Austria,"Dec 25, 2022",Yes,20
Lars Ramos,(472) 754-5766,libero.lacus@hotmail.couk,"Ap #449-9523 Vitae, Rd.",South Island,New Zealand,"Aug 12, 2016",Yes,12
Jordan Simpson,1-688-586-3528,vivamus.sit.amet@outlook.org,748-7872 Nisl St.,North Region,Canada,"Dec 15, 2022",No,44
Warren Stanton,1-586-688-8397,cras.dictum.ultricies@hotmail.couk,Ap #236-4256 Faucibus St.,Queensland,Singapore,"Sep 7, 2019",No,59
Frances Webster,1-831-352-7683,imperdiet.non.vestibulum@aol.ca,426-8758 Donec Rd.,Antalya,Chile,"Dec 16, 2020",Yes,53
Ivor Valdez,(349) 789-8081,magna.nec.quam@icloud.edu,"P.O. Box 182, 9725 Libero Av.",Vestland,France,"Oct 13, 2017",Yes,28
Alexis Wyatt,1-541-200-1031,vehicula.et@hotmail.couk,Ap #483-3266 Neque Avenue,Alabama,Singapore,"Jul 20, 2019",Yes,23
Aaron Sims,1-585-323-8795,dignissim.magna.a@google.com,"956-6591 Non, St.",Eastern Cape,Peru,"May 10, 2016",Yes,41
Violet Kerr,(282) 362-6734,euismod@google.com,"P.O. Box 585, 8764 Lacinia Rd.",Maine,Peru,"Jul 23, 2019",No,43
Alice Hewitt,1-931-508-2542,ornare@outlook.couk,Ap #274-397 Dui Avenue,Cusco,United Kingdom,"Feb 1, 2022",No,24
Adena Church,1-598-573-3447,risus.morbi@hotmail.org,3269 Lacinia Av.,Caquetá,Spain,"Jun 27, 2020",No,45
Zephr Hull,(286) 809-6598,molestie.orci.tincidunt@icloud.ca,704-1069 Ac Rd.,Free State,Costa Rica,"Oct 6, 2022",No,29
Jillian Head,1-161-833-2216,id.erat.etiam@aol.ca,Ap #350-7163 Ante Av.,Kano,Nigeria,"Jan 6, 2019",Yes,30
Carissa Wallace,(255) 938-9222,sit.amet@yahoo.com,461-7657 Hendrerit Rd.,Veracruz,Poland,"Jun 26, 2022",Yes,13
Malachi Lloyd,(662) 836-8651,risus.nunc@icloud.ca,431-2052 Hymenaeos. St.,Centre,Spain,"Jun 29, 2022",Yes,33
Arsenio Guy,(601) 315-1725,lobortis@protonmail.org,Ap #241-4045 Aliquam Ave,Rio Grande do Sul,Brazil,"Oct 12, 2021",No,40
Asher Fowler,(767) 447-9719,convallis.in.cursus@icloud.net,"P.O. Box 456, 6601 Ante. Rd.",Sindh,Canada,"Jun 13, 2017",Yes,43
Zelenia Ingram,(785) 511-7155,urna@hotmail.net,"523-9264 Et, Rd.",Nuevo León,New Zealand,"Aug 23, 2021",Yes,29
Addison Stevenson,(801) 645-4491,semper.erat@outlook.ca,"P.O. Box 445, 8492 Lorem Street",Alajuela,Germany,"Jun 27, 2016",Yes,39
Galena Tran,1-786-332-1212,est.vitae.sodales@protonmail.edu,974-7361 Feugiat Street,Queensland,Peru,"Sep 5, 2020",No,20
Vaughan Blair,1-746-131-3528,eu.odio@yahoo.edu,935-439 Felis. Ave,Southeast Sulawesi,Norway,"Oct 18, 2022",Yes,13
Madeson Duran,(775) 156-3986,et.malesuada.fames@hotmail.net,Ap #183-2349 A St.,East Nusa Tenggara,Austria,"Jul 26, 2018",Yes,36
Alfreda Brady,1-443-274-7185,aliquam.erat.volutpat@yahoo.com,726-2542 Lacus Rd.,Zhōngnán,United Kingdom,"Aug 31, 2019",Yes,41
Susan Hood,1-387-661-0332,magna.phasellus@hotmail.com,Ap #321-1467 Facilisis. Ave,Lambayeque,New Zealand,"Apr 13, 2022",Yes,56
Chantale Luna,1-237-475-6381,aenean@outlook.com,157-5663 Consequat Avenue,Baja California,South Africa,"Nov 3, 2017",No,34
Brody Chambers,(928) 387-7165,nulla@yahoo.ca,507-3470 Magnis Rd.,FATA,Vietnam,"Jan 11, 2022",Yes,24
Ruby Holland,1-562-385-4844,luctus.felis@outlook.couk,"P.O. Box 955, 7394 Auctor Road",Nagaland,United States,"Oct 17, 2016",Yes,11
Wylie Murphy,(333) 434-1644,mauris.elit@yahoo.couk,467-1954 Mauris. Rd.,Liguria,Poland,"Nov 13, 2019",No,53
Phelan Juarez,(174) 713-4528,ut.semper.pretium@icloud.ca,Ap #834-2445 Sed St.,Tasmania,Turkey,"Oct 10, 2016",Yes,11
Hannah Harmon,(368) 641-4668,feugiat.tellus.lorem@aol.edu,Ap #883-562 Enim St.,West Region,Indonesia,"Dec 6, 2017",Yes,24
Cara Cantrell,1-228-814-5363,lectus.convallis.est@outlook.org,"P.O. Box 252, 4732 Mollis. Rd.",Nordrhein-Westphalen,Nigeria,"Oct 20, 2021",No,53
Leo Giles,(477) 441-5989,maecenas.malesuada@hotmail.edu,5237 Nascetur St.,San José,South Africa,"Oct 31, 2020",No,32
Karina Booker,(140) 605-0545,mus.proin.vel@protonmail.org,5728 Augue. Ave,Viken,Italy,"Apr 7, 2019",Yes,23
Jin Marshall,1-285-323-2725,sed.eget@hotmail.couk,906-4344 Nonummy Street,North-East Region,Costa Rica,"Aug 9, 2017",Yes,51
Cyrus Sullivan,1-116-336-4477,consectetuer.euismod@outlook.org,Ap #873-3161 Augue St.,New South Wales,South Korea,"Feb 15, 2018",Yes,35
Tashya Duke,1-288-516-1045,molestie@outlook.couk,5881 Cursus St.,Leinster,Russian Federation,"Dec 25, 2021",No,36
Charlotte Foreman,(320) 605-1175,phasellus.nulla.integer@outlook.couk,246-4746 Libero. Rd.,Arkansas,Chile,"Feb 19, 2019",Yes,25
Garrison Golden,(181) 184-2915,sem@yahoo.org,300-3300 Nibh Street,Himachal Pradesh,Nigeria,"Mar 15, 2019",Yes,35
Rigel Lancaster,(170) 415-4381,conubia.nostra.per@hotmail.couk,"Ap #415-5987 At, St.",Yukon,France,"Nov 10, 2020",Yes,35
Yoshi Bradley,(776) 324-5497,egestas.rhoncus@google.couk,"963-3974 Pede, St.",Arica y Parinacota,United States,"Nov 13, 2020",No,49
Jameson Blanchard,1-572-732-9834,adipiscing@aol.com,Ap #624-8538 Molestie Ave,Saskatchewan,Brazil,"Jan 30, 2019",No,50
